<?xml version="1.0" encoding="UTF-8"?>
<project-private xmlns="http://www.netbeans.org/ns/project-private/1">
    <editor-bookmarks xmlns="http://www.netbeans.org/ns/editor-bookmarks/2" lastBookmarkId="0"/>
    <open-files xmlns="http://www.netbeans.org/ns/projectui-open-files/2">
        <group>
            <file>file:/C:/Users/03564547037/Desktop/ProjetoLoginBacana-main/src/Model/CadastroUsuarioModel.java</file>
            <file>file:/C:/Users/03564547037/Desktop/ProjetoLoginBacana-main/src/View/TelaOpCadastroClientes.java</file>
            <file>file:/C:/Users/03564547037/Desktop/ProjetoLoginBacana-main/src/DAL/GerenciadorBancoDadosClientes.java</file>
            <file>file:/C:/Users/03564547037/Desktop/ProjetoLoginBacana-main/src/Model/CadastroClienteModel.java</file>
            <file>file:/C:/Users/03564547037/Desktop/ProjetoLoginBacana-main/src/View/TelaCadastroNovoCliente.java</file>
            <file>file:/C:/Users/03564547037/Desktop/ProjetoLoginBacana-main/src/View/TelaAplicacao.java</file>
            <file>file:/C:/Users/03564547037/Desktop/ProjetoLoginBacana-main/src/View/TelaLogin.java</file>
            <file>file:/C:/Users/03564547037/Desktop/ProjetoLoginBacana-main/src/Controller/CadastroClienteModel.java</file>
            <file>file:/C:/Users/03564547037/Desktop/ProjetoLoginBacana-main/src/View/TelaCadastroNovoUsuario.java</file>
            <file>file:/C:/Users/03564547037/Desktop/ProjetoLoginBacana-main/src/DAL/ConnectionFactory.java</file>
            <file>file:/C:/Users/03564547037/Desktop/ProjetoLoginBacana-main/src/Controller/CadastroUsuariosController.java</file>
            <file>file:/C:/Users/03564547037/Desktop/ProjetoLoginBacana-main/src/View/TelaOpCadastroUsuarios.java</file>
        </group>
    </open-files>
</project-private>
